ID,Protein Name,Mutation,PDB,T,pH,Method,Measure,ΔΔG,ΔTm,Reference
54,Ribonuclease HI,A125T,2RN2,325.15,5.5,Thermal,CD,0,'-,PMID: 1328237
56,Ribonuclease HI,K91R,2RN2,322.95,5.5,Thermal,CD,0,0.1,PMID: 1331044
2273,Ribonuclease HI,K117R,2RN2,325.85,5.5,Thermal,CD,0.03,0.1,PMID: 7929430
1961,Ribonuclease HI,H124A,2RN2,298.15,8.2,GdnHCl,CD,0.05,'-,PMID: 7764048
2290,Ribonuclease HI,E119V,2RN2,323.25,3,Thermal,CD,0.09,0.3,PMID: 7929430
31,Ribonuclease HI,S68T,2RN2,298.15,5.5,Urea,CD,0.1,'-0.70,PMID: 1317795
36,Ribonuclease HI,S68T,2RN2,322.95,3,Thermal,CD,0.1,'-0.70,PMID: 1317795
67,Ribonuclease HI,K95A,2RN2,322.95,3,Thermal,CD,0.1,0.3,PMID: 1331044
68,Ribonuclease HI,K95A,2RN2,322.95,5.5,Thermal,CD,0.1,0.4,PMID: 1331044
602,Ribonuclease HI,H83A,2RN2,298.15,5.5,GdnHCl,Fluorescence,0.1,'-,PMID: 1645658
1956,Ribonuclease HI,H83A,2RN2,298.15,5.5,GdnHCl,CD,0.1,'-,PMID: 7764048
3433,Ribonuclease HI,D70E,2RN2,320.15,9,Thermal,CD,0.1,0.4,PMID: 8955106
2293,Ribonuclease HI,R41C,2RN2,323.25,3,Thermal,CD,0.12,0.4,PMID: 7929430
2431,Ribonuclease HI,D134T,2RN2,323.15,3,Thermal,CD,0.12,0.4,PMID: 8125123
4587,Ribonuclease HI,Q105G,2RN2,320.95,5.5,Thermal,CD,0.15,'-9.60,PMID: 10467093
30,Ribonuclease HI,S68A,2RN2,298.15,5.5,Urea,CD,0.19,'-1.50,PMID: 1317795
35,Ribonuclease HI,S68A,2RN2,322.95,3,Thermal,CD,0.19,'-1.50,PMID: 1317795
49,Ribonuclease HI,Q113P,2RN2,322.95,3,Thermal,CD,0.2,'-,PMID: 1328237
55,Ribonuclease HI,K91R,2RN2,322.95,3,Thermal,CD,0.2,0.5,PMID: 1331044
3442,Ribonuclease HI,E48D,2RN2,323.15,3,Thermal,CD,0.2,0.8,PMID: 8955106
2286,Ribonuclease HI,Q76L,2RN2,323.25,3,Thermal,CD,0.24,0.8,PMID: 7929430
2430,Ribonuclease HI,D134S,2RN2,323.15,3,Thermal,CD,0.26,0.9,PMID: 8125123
2288,Ribonuclease HI,Q80L,2RN2,323.25,3,Thermal,CD,0.3,1,PMID: 7929430
3428,Ribonuclease HI,E48Q,2RN2,320.15,9,Thermal,CD,0.3,1,PMID: 8955106
2432,Ribonuclease HI,D134V,2RN2,323.15,3,Thermal,CD,0.31,1.1,PMID: 8125123
604,Ribonuclease HI,H124A,2RN2,298.15,5.5,GdnHCl,Fluorescence,0.33,'-,PMID: 1645658
1957,Ribonuclease HI,H124A,2RN2,298.15,5.5,GdnHCl,CD,0.33,'-,PMID: 7764048
2269,Ribonuclease HI,H62R,2RN2,325.85,5.5,Thermal,CD,0.36,1.3,PMID: 7929430
601,Ribonuclease HI,H62A,2RN2,298.15,5.5,GdnHCl,Fluorescence,0.37,'-,PMID: 1645658
1955,Ribonuclease HI,H62A,2RN2,298.15,5.5,GdnHCl,CD,0.37,'-,PMID: 7764048
3439,Ribonuclease HI,D10H,2RN2,323.15,3,Thermal,CD,0.4,1.5,PMID: 8955106
2277,Ribonuclease HI,R41C,2RN2,325.85,5.5,Thermal,CD,0.44,1.6,PMID: 7929430
2429,Ribonuclease HI,D134Q,2RN2,323.15,3,Thermal,CD,0.48,1.6,PMID: 8125123
2080,Ribonuclease HI,D134H,2RN2,324.05,3,Thermal,CD,0.5,1.7,PMID: 7794925
2081,Ribonuclease HI,G23A,2RN2,325.65,5.5,Thermal,CD,0.5,1.8,PMID: 7794925
2267,Ribonuclease HI,G23A,2RN2,325.85,5.5,Thermal,CD,0.5,1.8,PMID: 7929430
3445,Ribonuclease HI,D70E,2RN2,323.15,3,Thermal,CD,0.5,1.8,PMID: 8955106
3597,Ribonuclease HI,A52M,2RN2,326.15,3.2,Thermal,CD,0.5,1.6,PMID: 9228039
2436,Ribonuclease HI,D134H,2RN2,323.15,3,Thermal,CD,0.53,1.7,PMID: 8125123
1959,Ribonuclease HI,H62A,2RN2,298.15,8.2,GdnHCl,CD,0.58,'-,PMID: 7764048
2756,Ribonuclease HI,V74I,2RN2,325.15,5.5,Thermal,CD,0.6,2.1,PMID: 8390295
2285,Ribonuclease HI,H62D,2RN2,323.25,3,Thermal,CD,0.67,2.2,PMID: 7929430
2433,Ribonuclease HI,D134I,2RN2,323.15,3,Thermal,CD,0.69,2.3,PMID: 8125123
2079,Ribonuclease HI,G23A,2RN2,324.05,3,Thermal,CD,0.7,2.3,PMID: 7794925
2296,Ribonuclease HI,G23A,2RN2,323.25,3,Thermal,CD,0.7,2.3,PMID: 7929430
2753,Ribonuclease HI,V74I,2RN2,322.95,3,Thermal,CD,0.7,2.4,PMID: 8390295
3438,Ribonuclease HI,D10S,2RN2,323.15,3,Thermal,CD,0.7,2.4,PMID: 8955106
2428,Ribonuclease HI,D134E,2RN2,323.15,3,Thermal,CD,0.72,2.4,PMID: 8125123
2280,Ribonuclease HI,A24V,2RN2,323.25,3,Thermal,CD,0.73,2.4,PMID: 7929430
45,Ribonuclease HI,H62P,2RN2,298.15,5.5,Thermal,CD,0.74,'-,PMID: 1328237
2274,Ribonuclease HI,E119V,2RN2,325.85,5.5,Thermal,CD,0.74,2.7,PMID: 7929430
3596,Ribonuclease HI,A52C,2RN2,326.15,3.2,Thermal,CD,0.8,2.5,PMID: 9228039
3447,Ribonuclease HI,D134A,2RN2,323.15,3,Thermal,CD,0.84,2.9,PMID: 8955106
2420,Ribonuclease HI,D134E,2RN2,326.25,5.5,Thermal,CD,0.86,3.1,PMID: 8125123
2268,Ribonuclease HI,A24V,2RN2,325.85,5.5,Thermal,CD,0.88,3.2,PMID: 7929430
2278,Ribonuclease HI,K95N,2RN2,325.85,5.5,Thermal,CD,0.88,3.2,PMID: 7929430
2294,Ribonuclease HI,K95N,2RN2,323.25,3,Thermal,CD,0.88,2.9,PMID: 7929430
2419,Ribonuclease HI,D134N,2RN2,326.25,5.5,Thermal,CD,0.89,3.2,PMID: 8125123
2435,Ribonuclease HI,D134A,2RN2,323.15,3,Thermal,CD,0.89,2.9,PMID: 8125123
69,Ribonuclease HI,K95N,2RN2,322.95,3,Thermal,CD,0.9,2.9,PMID: 1331044
70,Ribonuclease HI,K95N,2RN2,322.95,5.5,Thermal,CD,0.9,3.2,PMID: 1331044
2089,Ribonuclease HI,V74L,2RN2,325.65,5.5,Thermal,CD,0.9,3.3,PMID: 7794925
2755,Ribonuclease HI,V74L,2RN2,325.15,5.5,Thermal,CD,0.9,3.3,PMID: 8390295
2088,Ribonuclease HI,H62P,2RN2,324.05,3,Thermal,CD,1,3.4,PMID: 7794925
2283,Ribonuclease HI,H62P,2RN2,323.25,3,Thermal,CD,1,3.4,PMID: 7929430
3425,Ribonuclease HI,D10E,2RN2,320.15,9,Thermal,CD,1,3.4,PMID: 8955106
2422,Ribonuclease HI,D134S,2RN2,326.25,5.5,Thermal,CD,1.08,3.9,PMID: 8125123
2423,Ribonuclease HI,D134T,2RN2,326.25,5.5,Thermal,CD,1.08,3.9,PMID: 8125123
2086,Ribonuclease HI,V74L,2RN2,324.05,3,Thermal,CD,1.1,3.7,PMID: 7794925
2087,Ribonuclease HI,H62P,2RN2,325.65,5.5,Thermal,CD,1.1,4.1,PMID: 7794925
2270,Ribonuclease HI,H62P,2RN2,325.85,5.5,Thermal,CD,1.1,4.1,PMID: 7929430
2752,Ribonuclease HI,V74L,2RN2,322.95,3,Thermal,CD,1.1,3.7,PMID: 8390295
3432,Ribonuclease HI,D70A,2RN2,320.15,9,Thermal,CD,1.1,3.8,PMID: 8955106
3437,Ribonuclease HI,D10E,2RN2,323.15,3,Thermal,CD,1.1,3.8,PMID: 8955106
2424,Ribonuclease HI,D134V,2RN2,326.25,5.5,Thermal,CD,1.12,4.1,PMID: 8125123
2434,Ribonuclease HI,D134L,2RN2,323.15,3,Thermal,CD,1.15,3.8,PMID: 8125123
2425,Ribonuclease HI,D134I,2RN2,326.25,5.5,Thermal,CD,1.27,4.6,PMID: 8125123
32,Ribonuclease HI,S68V,2RN2,298.15,5.5,Urea,CD,1.29,1.9,PMID: 1317795
37,Ribonuclease HI,S68V,2RN2,322.95,3,Thermal,CD,1.29,1.9,PMID: 1317795
3595,Ribonuclease HI,A52L,2RN2,326.15,3.2,Thermal,CD,1.3,4.3,PMID: 9228039
2421,Ribonuclease HI,D134Q,2RN2,326.25,5.5,Thermal,CD,1.32,4.8,PMID: 8125123
2426,Ribonuclease HI,D134L,2RN2,326.25,5.5,Thermal,CD,1.51,5.5,PMID: 8125123
2427,Ribonuclease HI,D134A,2RN2,326.25,5.5,Thermal,CD,1.51,5.5,PMID: 8125123
3423,Ribonuclease HI,D10N,2RN2,320.15,9,Thermal,CD,1.57,6.8,PMID: 8955106
3431,Ribonuclease HI,D70N,2RN2,320.15,9,Thermal,CD,1.6,5.5,PMID: 8955106
59,Ribonuclease HI,K95G,2RN2,322.95,3,Thermal,CD,1.7,5.7,PMID: 1331044
2085,Ribonuclease HI,K95G,2RN2,333.05,3,Thermal,CD,1.7,5.7,PMID: 7794925
2281,Ribonuclease HI,A52V,2RN2,323.25,3,Thermal,CD,1.7,5.5,PMID: 7929430
3594,Ribonuclease HI,A52V,2RN2,326.15,3.2,Thermal,CD,1.7,5.5,PMID: 9228039
3434,Ribonuclease HI,D134N,2RN2,320.15,9,Thermal,CD,1.8,6.4,PMID: 8955106
60,Ribonuclease HI,K95G,2RN2,322.95,5.5,Thermal,CD,1.9,6.8,PMID: 1331044
2082,Ribonuclease HI,D134H,2RN2,325.65,5.5,Thermal,CD,1.9,7,PMID: 7794925
3593,Ribonuclease HI,A52I,2RN2,326.15,3.2,Thermal,CD,1.9,6.2,PMID: 9228039
2418,Ribonuclease HI,D134H,2RN2,326.25,5.5,Thermal,CD,1.94,7,PMID: 8125123
3427,Ribonuclease HI,D10H,2RN2,320.15,9,Thermal,CD,2.4,8.2,PMID: 8955106
3436,Ribonuclease HI,D10A,2RN2,323.15,3,Thermal,CD,2.4,8.1,PMID: 8955106
3426,Ribonuclease HI,D10S,2RN2,320.15,9,Thermal,CD,2.7,9.2,PMID: 8955106
4583,Ribonuclease HI,D10A,2RN2,298.15,5.5,Urea,CD,3.3,'-,PMID: 10467093
3424,Ribonuclease HI,D10A,2RN2,320.15,9,Thermal,CD,4,13.7,PMID: 8955106
2282,Ribonuclease HI,H62R,2RN2,323.25,3,Thermal,CD,'-0.03,'-0.10,PMID: 7929430
2289,Ribonuclease HI,K117R,2RN2,323.25,3,Thermal,CD,'-0.06,'-0.20,PMID: 7929430
1960,Ribonuclease HI,H83A,2RN2,298.15,8.2,GdnHCl,CD,'-0.09,'-,PMID: 7764048
50,Ribonuclease HI,A125T,2RN2,322.95,3,Thermal,CD,'-0.10,'-,PMID: 1328237
2437,Ribonuclease HI,D134N,2RN2,323.15,3,Thermal,CD,'-0.10,'-0.30,PMID: 8125123
3440,Ribonuclease HI,E48Q,2RN2,323.15,3,Thermal,CD,'-0.10,'-0.20,PMID: 8955106
3441,Ribonuclease HI,E48A,2RN2,323.15,3,Thermal,CD,'-0.10,'-0.20,PMID: 8955106
3444,Ribonuclease HI,D70A,2RN2,323.15,3,Thermal,CD,'-0.10,'-0.30,PMID: 8955106
3446,Ribonuclease HI,D134N,2RN2,323.15,3,Thermal,CD,'-0.10,'-0.30,PMID: 8955106
2272,Ribonuclease HI,H62D,2RN2,325.85,5.5,Thermal,CD,'-0.17,'-0.60,PMID: 7929430
3430,Ribonuclease HI,E48D,2RN2,320.15,9,Thermal,CD,'-0.20,'-0.80,PMID: 8955106
6991,Ribonuclease HI,I53V,2RN2,298.15,5.5,Urea,CD,'-0.20,'-,PMID: 14672667
2279,Ribonuclease HI,E135K,2RN2,325.85,5.5,Thermal,CD,'-0.22,'-0.80,PMID: 7929430
3429,Ribonuclease HI,E48A,2RN2,320.15,9,Thermal,CD,'-0.30,'-1.00,PMID: 8955106
3443,Ribonuclease HI,D70N,2RN2,323.15,3,Thermal,CD,'-0.30,'-1.20,PMID: 8955106
1962,Ribonuclease HI,H127A,2RN2,298.15,8.2,GdnHCl,CD,'-0.31,'-,PMID: 7764048
57,Ribonuclease HI,D94E,2RN2,322.95,3,Thermal,CD,'-0.40,'-1.20,PMID: 1331044
58,Ribonuclease HI,D94E,2RN2,322.95,5.5,Thermal,CD,'-0.40,'-1.60,PMID: 1331044
605,Ribonuclease HI,H127A,2RN2,298.15,5.5,GdnHCl,Fluorescence,'-0.41,'-,PMID: 1645658
1958,Ribonuclease HI,H127A,2RN2,298.15,5.5,GdnHCl,CD,'-0.41,'-,PMID: 7764048
3598,Ribonuclease HI,A52F,2RN2,326.15,3.2,Thermal,CD,'-0.50,'-1.50,PMID: 9228039
53,Ribonuclease HI,Q113P,2RN2,325.15,5.5,Thermal,CD,'-0.60,'-,PMID: 1328237
3435,Ribonuclease HI,D10N,2RN2,323.15,3,Thermal,CD,'-0.70,'-2.60,PMID: 8955106
3599,Ribonuclease HI,A52T,2RN2,326.15,3.2,Thermal,CD,'-0.80,'-2.70,PMID: 9228039
2759,Ribonuclease HI,G77A,2RN2,322.95,3,Thermal,CD,'-0.90,'-2.90,PMID: 8393706
33,Ribonuclease HI,S68L,2RN2,298.15,5.5,Urea,CD,'-1.00,'-1.60,PMID: 1317795
38,Ribonuclease HI,S68L,2RN2,322.95,3,Thermal,CD,'-1.00,'-1.60,PMID: 1317795
48,Ribonuclease HI,H62P,2RN2,322.95,3,Thermal,CD,'-1.00,'-,PMID: 1328237
2295,Ribonuclease HI,E135K,2RN2,323.25,3,Thermal,CD,'-1.10,'-3.70,PMID: 7929430
3600,Ribonuclease HI,A52Q,2RN2,326.15,3.2,Thermal,CD,'-1.20,'-3.90,PMID: 9228039
4588,Ribonuclease HI,D10A,2RN2,320.95,5.5,Thermal,CD,'-1.34,14.8,PMID: 10467093
4589,Ribonuclease HI,R27A,2RN2,320.95,5.5,Thermal,CD,'-1.34,'-5.60,PMID: 10467093
6992,Ribonuclease HI,I53L,2RN2,298.15,5.5,Urea,CD,'-1.40,'-,PMID: 14672667
3601,Ribonuclease HI,A52E,2RN2,326.15,3.2,Thermal,CD,'-1.50,'-5.00,PMID: 9228039
3602,Ribonuclease HI,A52P,2RN2,326.15,3.2,Thermal,CD,'-1.60,'-5.40,PMID: 9228039
3603,Ribonuclease HI,A52S,2RN2,326.15,3.2,Thermal,CD,'-1.80,'-5.80,PMID: 9228039
3604,Ribonuclease HI,A52N,2RN2,326.15,3.2,Thermal,CD,'-1.80,'-5.90,PMID: 9228039
3605,Ribonuclease HI,A52D,2RN2,326.15,3.2,Thermal,CD,'-1.90,'-6.10,PMID: 9228039
4584,Ribonuclease HI,I53A,2RN2,298.15,5.5,Urea,CD,'-2.10,'-,PMID: 10467093
29,Ribonuclease HI,S68G,2RN2,298.15,5.5,Urea,CD,'-2.20,'-8.00,PMID: 1317795
34,Ribonuclease HI,S68G,2RN2,322.95,3,Thermal,CD,'-2.20,'-8.00,PMID: 1317795
2754,Ribonuclease HI,V74A,2RN2,322.95,3,Thermal,CD,'-2.20,'-7.60,PMID: 8390295
4585,Ribonuclease HI,Q105G,2RN2,298.15,5.5,Urea,CD,'-2.20,'-,PMID: 10467093
4586,Ribonuclease HI,R27A,2RN2,298.15,5.5,Urea,CD,'-2.20,'-,PMID: 10467093
3606,Ribonuclease HI,A52Y,2RN2,326.15,3.2,Thermal,CD,'-2.30,'-7.60,PMID: 9228039
603,Ribonuclease HI,H114A,2RN2,298.15,5.5,GdnHCl,Fluorescence,'-2.63,'-,PMID: 1645658
3607,Ribonuclease HI,A52G,2RN2,326.15,3.2,Thermal,CD,'-2.70,'-8.90,PMID: 9228039
2757,Ribonuclease HI,V74A,2RN2,325.15,5.5,Thermal,CD,'-3.40,'-12.70,PMID: 8390295
3608,Ribonuclease HI,A52H,2RN2,326.15,3.2,Thermal,CD,'-3.60,'-11.80,PMID: 9228039
6993,Ribonuclease HI,I53F,2RN2,298.15,5.5,Urea,CD,'-3.90,'-,PMID: 14672667
6994,Ribonuclease HI,I53D,2RN2,298.15,5.5,Urea,CD,'-4.10,'-,PMID: 14672667
4590,Ribonuclease HI,I53A,2RN2,320.95,5.5,Thermal,CD,'-4.67,'-12.10,PMID: 10467093
3609,Ribonuclease HI,A52K,2RN2,326.15,3.2,Thermal,CD,'-5.90,'-19.50,PMID: 9228039
